{
  "job": "d4_latency",
  "tag": "gpu5_r1",
  "decision": "D4_MICRO_PASS",
  "pass": true,
  "n_examples": 3,
  "max_new_tokens": 32,
  "arms": {
    "fullkv_sdpa": {
      "n": 3,
      "ttft_ms_mean": 43.04348564861963,
      "tpot_ms_mean": 44.32643355038345,
      "tokens_per_s_mean": 23.425473435743736,
      "score_mean": 1.0,
      "int4_tokens_mean": null
    },
    "mixed_uniform_fi_shim": {
      "n": 3,
      "ttft_ms_mean": 7994.523560317854,
      "tpot_ms_mean": 28.38843783799774,
      "tokens_per_s_mean": 35.254027922061525,
      "score_mean": 1.0,
      "int4_tokens_mean": 7805.333333333333
    },
    "mixed_structure_fi_shim": {
      "n": 3,
      "ttft_ms_mean": 3584.286874664637,
      "tpot_ms_mean": 27.72778652531922,
      "tokens_per_s_mean": 36.066548366090366,
      "score_mean": 1.0,
      "int4_tokens_mean": 7805.333333333333
    }
  },
  "ttft_speedup_structure_vs_full": 0.012008939896209336,
  "cuda_peak_bytes": 23015773696,
  "device": "NVIDIA H200",
  "seconds": 113.37,
  "rows": [
    {
      "arm": "fullkv_sdpa",
      "ttft_ms": 24.309054017066956,
      "tpot_ms": 33.07120337955315,
      "prefill_ms": 365.7052100170404,
      "n_new": 12,
      "tokens_per_s": 30.23778689039987,
      "token_ids": [
        13410,
        3450,
        28,
        4276,
        12,
        24,
        18,
        23,
        19,
        22,
        19,
        151645
      ],
      "text": "ORDER_ID=ORD-938474",
      "used_materialize_hf_past": false,
      "attn_backend": "sdpa",
      "example_id": "multi_turn_state.order_id.v2__c8000__s20281013",
      "prompt_tokens": 10285,
      "score": 1.0
    },
    {
      "arm": "mixed_uniform_fi_shim",
      "ttft_ms": 9231.961110956036,
      "tpot_ms": 29.538586365313016,
      "prefill_pack_ms": 14157.207727083005,
      "n_new": 12,
      "tokens_per_s": 33.85402360264247,
      "token_ids": [
        13410,
        3450,
        28,
        4276,
        12,
        24,
        18,
        23,
        19,
        22,
        19,
        151645
      ],
      "text": "ORDER_ID=ORD-938474",
      "used_materialize_hf_past": false,
      "attn_backend": "flashinfer_fi_shim",
      "int4_tokens": 7713,
      "payload_bytes": 1089939456,
      "compression_ratio": 0.47273,
      "example_id": "multi_turn_state.order_id.v2__c8000__s20281013",
      "prompt_tokens": 10285,
      "score": 1.0
    },
    {
      "arm": "mixed_structure_fi_shim",
      "ttft_ms": 3570.2737419633195,
      "tpot_ms": 27.95600198971277,
      "prefill_pack_ms": 8805.974824004807,
      "n_new": 12,
      "tokens_per_s": 35.77049394859749,
      "token_ids": [
        13410,
        3450,
        28,
        4276,
        12,
        24,
        18,
        23,
        19,
        22,
        19,
        151645
      ],
      "text": "ORDER_ID=ORD-938474",
      "used_materialize_hf_past": false,
      "attn_backend": "flashinfer_fi_shim",
      "int4_tokens": 7713,
      "payload_bytes": 1089939456,
      "compression_ratio": 0.47273,
      "example_id": "multi_turn_state.order_id.v2__c8000__s20281013",
      "prompt_tokens": 10285,
      "score": 1.0
    },
    {
      "arm": "fullkv_sdpa",
      "ttft_ms": 54.44063793402165,
      "tpot_ms": 50.29255283560844,
      "prefill_ms": 384.2594219604507,
      "n_new": 32,
      "tokens_per_s": 19.88365958015108,
      "token_ids": [
        15505,
        37,
        8505,
        25,
        3919,
        21879,
        50,
        5053,
        3385,
        71824,
        69946,
        25,
        13097,
        55993,
        50,
        18590,
        74653,
        33941,
        51649,
        56,
        80051,
        1479,
        3567,
        15824,
        85332,
        4613,
        328,
        34357,
        1094,
        1718,
        13,
        151645
      ],
      "text": "[[FMT:ALL_CAPS]] DEPLOY NOTES: ALL RECORDS HAVE BEEN SUCCESSFULLY REVIEWED AND ARE READY FOR SCHEDULING.",
      "used_materialize_hf_past": false,
      "attn_backend": "sdpa",
      "example_id": "instruction_supersession.format_flip.v2__c8000__s20271013",
      "prompt_tokens": 10008,
      "score": 1.0
    },
    {
      "arm": "mixed_uniform_fi_shim",
      "ttft_ms": 8584.58918100223,
      "tpot_ms": 27.857433677831246,
      "prefill_pack_ms": 13139.388721087016,
      "n_new": 32,
      "tokens_per_s": 35.89706114227575,
      "token_ids": [
        15505,
        37,
        8505,
        25,
        3919,
        21879,
        50,
        5053,
        3385,
        71824,
        69946,
        25,
        13097,
        55993,
        50,
        18590,
        74653,
        33941,
        51649,
        56,
        80051,
        1479,
        3567,
        15824,
        85332,
        4613,
        328,
        34357,
        1094,
        1718,
        13,
        151645
      ],
      "text": "[[FMT:ALL_CAPS]] DEPLOY NOTES: ALL RECORDS HAVE BEEN SUCCESSFULLY REVIEWED AND ARE READY FOR SCHEDULING.",
      "used_materialize_hf_past": false,
      "attn_backend": "flashinfer_fi_shim",
      "int4_tokens": 7505,
      "payload_bytes": 1060595712,
      "compression_ratio": 0.472713,
      "example_id": "instruction_supersession.format_flip.v2__c8000__s20271013",
      "prompt_tokens": 10008,
      "score": 1.0
    },
    {
      "arm": "mixed_structure_fi_shim",
      "ttft_ms": 3250.5872569745407,
      "tpot_ms": 27.49764467889984,
      "prefill_pack_ms": 8189.561614068225,
      "n_new": 32,
      "tokens_per_s": 36.36675110458985,
      "token_ids": [
        15505,
        37,
        8505,
        25,
        3919,
        21879,
        50,
        5053,
        3385,
        71824,
        69946,
        25,
        13097,
        55993,
        50,
        18590,
        74653,
        33941,
        51649,
        56,
        80051,
        1479,
        3567,
        15824,
        85332,
        4613,
        328,
        34357,
        1094,
        1718,
        13,
        151645
      ],
      "text": "[[FMT:ALL_CAPS]] DEPLOY NOTES: ALL RECORDS HAVE BEEN SUCCESSFULLY REVIEWED AND ARE READY FOR SCHEDULING.",
      "used_materialize_hf_past": false,
      "attn_backend": "flashinfer_fi_shim",
      "int4_tokens": 7505,
      "payload_bytes": 1060595712,
      "compression_ratio": 0.472713,
      "example_id": "instruction_supersession.format_flip.v2__c8000__s20271013",
      "prompt_tokens": 10008,
      "score": 1.0
    },
    {
      "arm": "fullkv_sdpa",
      "ttft_ms": 50.38076499477029,
      "tpot_ms": 49.61554443598875,
      "prefill_ms": 424.5141369756311,
      "n_new": 32,
      "tokens_per_s": 20.154973836680256,
      "token_ids": [
        4913,
        606,
        788,
        330,
        1836,
        49692,
        497,
        330,
        16370,
        788,
        5212,
        1631,
        788,
        330,
        19268,
        89559,
        2150,
        1965,
        497,
        330,
        9506,
        788,
        220,
        20,
        11,
        330,
        6005,
        17820,
        788,
        330,
        68727,
        30975
      ],
      "text": "{\"name\": \"search_docs\", \"arguments\": {\"query\": \"flashinfer page table\", \"limit\": 5, \"corpus\": \"tickets\"}}",
      "used_materialize_hf_past": false,
      "attn_backend": "sdpa",
      "example_id": "tool_schema.search_docs.v1__c8000__s20260804",
      "prompt_tokens": 10932,
      "score": 1.0
    },
    {
      "arm": "mixed_uniform_fi_shim",
      "ttft_ms": 6167.020388995297,
      "tpot_ms": 27.769293470848954,
      "prefill_pack_ms": 13672.72218700964,
      "n_new": 32,
      "tokens_per_s": 36.01099902126636,