{
  "job": "d4_latency_m1",
  "tag": "m1_gpu5_r1",
  "decision": "D4_M1_PASS",
  "pass": true,
  "ttft_gate_mult": 3.0,
  "decode_ttft_ratio_structure_vs_full": 0.7543605058627415,
  "n_examples": 3,
  "max_new_tokens": 32,
  "warmup": 1,
  "arms": {
    "fullkv_sdpa": {
      "n": 3,
      "prefill_ms_mean": 396.94954264753807,
      "pack_ms_mean": 0.0,
      "cold_scratch_ms_mean": 0.0,
      "decode_ttft_ms_mean": 47.671747665541865,
      "e2e_ttft_ms_mean": 444.62129031307995,
      "tpot_ms_mean": 48.82003220944381,
      "tokens_per_s_mean": 21.32186191240243,
      "score_mean": 1.0,
      "int4_tokens_mean": null
    },
    "mixed_uniform_fi_shim": {
      "n": 3,
      "prefill_ms_mean": 372.5785109757756,
      "pack_ms_mean": 14286.912332638167,
      "cold_scratch_ms_mean": 7155.016859993339,
      "decode_ttft_ms_mean": 41.6452776407823,
      "e2e_ttft_ms_mean": 21856.152981248062,
      "tpot_ms_mean": 31.66105222109002,
      "tokens_per_s_mean": 31.643997357406608,
      "score_mean": 1.0,
      "int4_tokens_mean": 7805.333333333333
    },
    "mixed_structure_fi_shim": {
      "n": 3,
      "prefill_ms_mean": 370.5229973420501,
      "pack_ms_mean": 8981.291428984454,
      "cold_scratch_ms_mean": 3938.6353506706655,
      "decode_ttft_ms_mean": 35.96168368433913,
      "e2e_ttft_ms_mean": 13326.411460681507,
      "tpot_ms_mean": 31.923250409474964,
      "tokens_per_s_mean": 31.386870828720305,
      "score_mean": 1.0,
      "int4_tokens_mean": 7805.333333333333
    }
  },
  "cuda_peak_bytes": 23015856128,
  "device": "NVIDIA H200",
  "seconds": 118.4,
  "rows": [
    {
      "arm": "fullkv_sdpa",
      "prefill_ms": 370.16526190564036,
      "pack_ms": 0.0,
      "cold_scratch_ms": 0.0,
      "decode_ttft_ms": 29.05703498981893,
      "e2e_ttft_ms": 399.2222968954593,
      "ttft_ms": 29.05703498981893,
      "tpot_ms": 36.056244184940375,
      "n_new": 12,
      "tokens_per_s": 27.73444718398236,
      "token_ids": [
        13410,
        3450,
        28,
        4276,
        12,
        24,
        18,
        23,
        19,
        22,
        19,
        151645
      ],
      "text": "ORDER_ID=ORD-938474",
      "used_materialize_hf_past": false,
      "attn_backend": "sdpa",
      "example_id": "multi_turn_state.order_id.v2__c8000__s20281013",
      "prompt_tokens": 10285,
      "score": 1.0
    },
    {
      "arm": "mixed_uniform_fi_shim",
      "prefill_ms": 370.28713896870613,
      "pack_ms": 14250.952800968662,
      "cold_scratch_ms": 8228.095895959996,
      "decode_ttft_ms": 49.86326291691512,
      "e2e_ttft_ms": 22899.19909881428,
      "ttft_ms": 49.86326291691512,
      "tpot_ms": 31.521841333332386,
      "n_new": 12,
      "tokens_per_s": 31.724035072232986,
      "token_ids": [
        13410,
        3450,
        28,
        4276,
        12,
        24,
        18,
        23,
        19,
        22,
        19,
        151645
      ],
      "text": "ORDER_ID=ORD-938474",
      "used_materialize_hf_past": false,
      "attn_backend": "flashinfer_fi_shim",
      "int4_tokens": 7713,
      "payload_bytes": 1089939456,
      "compression_ratio": 0.47273,
      "example_id": "multi_turn_state.order_id.v2__c8000__s20281013",
      "prompt_tokens": 10285,
      "score": 1.0
    },
    {
      "arm": "mixed_structure_fi_shim",
      "prefill_ms": 366.0340689821169,
      "pack_ms": 8992.182787973434,
      "cold_scratch_ms": 4258.099265978672,
      "decode_ttft_ms": 40.86913610808551,
      "e2e_ttft_ms": 13657.185259042308,
      "ttft_ms": 40.86913610808551,
      "tpot_ms": 33.61989620184018,
      "n_new": 12,
      "tokens_per_s": 29.744291713347565,
      "token_ids": [
        13410,
        3450,
        28,
        4276,
        12,
        24,
        18,
        23,
        19,
        22,
        19,
        151645
      ],
      "text": "ORDER_ID=ORD-938474",
      "used_materialize_hf_past": false,
      "attn_backend": "flashinfer_fi_shim",
      "int4_tokens": 7713,
      "payload_bytes": 1089939456,
      "compression_ratio": 0.47273,
      "example_id": "multi_turn_state.order_id.v2__c8000__s20281013",
      "prompt_tokens": 10285,
      "score": 1.0
    },
    {
      "arm": "fullkv_sdpa",
      "prefill_ms": 395.5264979740605,
      "pack_ms": 0.0,
      "cold_scratch_ms": 0.0,
      "decode_ttft_ms": 58.858208009041846,
      "e2e_ttft_ms": 454.3847059831023,
      "ttft_ms": 58.858208009041846,
      "tpot_ms": 55.410808928671386,
      "n_new": 32,
      "tokens_per_s": 18.04702041594933,
      "token_ids": [
        15505,
        37,
        8505,
        25,
        3919,
        21879,
        50,
        5053,
        3385,
        71824,
        69946,
        25,
        13097,
        55993,
        50,
        18590,
        74653,
        33941,
        51649,
        56,
        80051,
        1479,
        3567,
        15824,
        85332,
        4613,
        328,
        34357,
        1094,
        1718,
        13,
        151645
      ],
      "text": "[[FMT:ALL_CAPS]] DEPLOY NOTES: ALL RECORDS HAVE BEEN SUCCESSFULLY REVIEWED AND ARE READY FOR SCHEDULING.",
      "used_materialize_hf_past": false,
      "attn_backend": "sdpa",
      "example_id": "instruction_supersession.format_flip.v2__c8000__s20271013",
      "prompt_tokens": 10008,
      "score": 1.0
    },
    {
      "arm": "mixed_uniform_fi_shim",
      "prefill_ms": 354.00955693330616,
      "pack_ms": 13882.21634295769,
      "cold_scratch_ms": 7216.742801014334,
      "decode_ttft_ms": 42.250465019606054,
      "e2e_ttft_ms": 21495.219165924937,
      "ttft_ms": 42.250465019606054,
      "tpot_ms": 33.4118198145241,
      "n_new": 32,
      "tokens_per_s": 29.929528099672694,
      "token_ids": [
        15505,
        37,
        8505,
        25,
        3919,
        21879,
        50,
        5053,
        3385,
        71824,
        69946,
        25,
        13097,
        55993,
        50,
        18590,
        74653,
        33941,
        51649,
        56,
        80051,
        1479,
        3567,
        15824,
        85332,
        4613,
        328,
        34357,
        1094,
        1718,
        13,
        151645
      ],
      "text": "[[FMT:ALL_CAPS]] DEPLOY NOTES: ALL RECORDS HAVE BEEN SUCCESSFULLY REVIEWED AND ARE READY FOR SCHEDULING.",
      "used_materialize_hf_past": false,
      "attn_backend": "flashinfer_fi_shim",
      "int4_tokens": 7505,
      "payload_bytes": 1060595712,
      "compression_ratio": 0.472713,
      "example_id": "instruction_supersession.format_flip.v2__c8000__s20271013",
      "prompt_tokens": 10008,
      "score": 1.0
    },
    {
      "arm": "mixed_structure_fi_shim",
      "prefill_ms": 353.6299200495705,
      "pack_ms": 8923.783757956699,
      "cold_scratch_ms": 3589.270274969749,
      "decode_ttft_ms": 33.452322939410806,
      "e2e_ttft_ms": 12900.136275915429,
      "ttft_ms": 33.452322939410806,
      "tpot_ms": 31.989132448460065,
      "n_new": 32,
      "tokens_per_s": 31.260616448763347,
      "token_ids": [
        15505,
        37,
        8505,
        25,
        3919,
        21879,
        50,
        5053,
        3385,
        71824,
        69946,
        25,
        13097,
        55993,
        50,
        18590,
        74653,
        33941,
        51649,
        56,
        80051,
        1479,
        3567,
        15824,
        85332,
        4613,
        328,
        34357,
        1094,
        1718,
        13,
        151645
      ],
      "text": "[[FMT:ALL_CAPS]] DEPLOY NOTES: ALL RECORDS HAVE BEEN SUCCESSFULLY REVIEWED AND ARE READY FOR SCHEDULING.",
      "used_materialize_hf_past": false,
      "attn_backend": "flashinfer_fi_shim",
      "int4_tokens": 7505,
      "payload_bytes": 1060595712,
      "compression_ratio": 0.472713,
      "example_id": "instruction_supersession.format_flip.v2__c8000__s20271013",
      "prompt_tokens": 10008,
      "score": 1.0
    },
    {
      "arm": "fullkv_sdpa",