{
  "w_is_tool": 1.2499548207058753,
  "w_is_system": 0.0,
  "w_is_constraint": 1.2499365111784146,
  "w_is_sink": 0.0,
  "w_is_recent": 0.0,
  "w_token_mass": -0.015561769588880597,
  "bias": -0.0009726105788088546
}
