{
  "job": "d4_latency_m2",
  "tag": "m2b_gpu5_r1",
  "decision": "D4_M2_PASS",
  "pass": true,
  "ttft_gate_mult": 0.85,
  "m2_gate": true,
  "decode_ttft_ratio_structure_vs_full": 0.6613640383820839,
  "e2e_ttft_ratio_structure_vs_full": 1.0164717899306188,
  "m2": {
    "pack_ms_max": 200.0,
    "cold_ms_max": 100.0,
    "e2e_gate_mult": 1.5,
    "pack_ok": true,
    "cold_ok": true,
    "e2e_ok": true,
    "structure_pack_ms": 32.0769843334953,
    "structure_cold_ms": 13.135582325048745
  },
  "n_examples": 3,
  "max_new_tokens": 32,
  "warmup": 1,
  "arms": {
    "fullkv_sdpa": {
      "n": 3,
      "prefill_ms_mean": 394.6682226766522,
      "pack_ms_mean": 0.0,
      "cold_scratch_ms_mean": 0.0,
      "decode_ttft_ms_mean": 42.668741662055254,
      "e2e_ttft_ms_mean": 437.33696433870745,
      "tpot_ms_mean": 43.87920163435277,
      "tokens_per_s_mean": 23.75434759785419,
      "score_mean": 1.0,
      "int4_tokens_mean": null
    },
    "mixed_uniform_fi_shim": {
      "n": 3,
      "prefill_ms_mean": 370.687563631994,
      "pack_ms_mean": 31.93596362446745,
      "cold_scratch_ms_mean": 13.064255278247098,
      "decode_ttft_ms_mean": 28.458670984643202,
      "e2e_ttft_ms_mean": 444.1464535193518,
      "tpot_ms_mean": 26.999211042367453,
      "tokens_per_s_mean": 37.03982797027259,
      "score_mean": 1.0,
      "int4_tokens_mean": 7805.333333333333
    },
    "mixed_structure_fi_shim": {
      "n": 3,
      "prefill_ms_mean": 371.1085489873464,
      "pack_ms_mean": 32.0769843334953,
      "cold_scratch_ms_mean": 13.135582325048745,
      "decode_ttft_ms_mean": 28.219571298298735,
      "e2e_ttft_ms_mean": 444.5406869441892,
      "tpot_ms_mean": 27.279077736521547,
      "tokens_per_s_mean": 36.658857031983224,
      "score_mean": 1.0,
      "int4_tokens_mean": 7805.333333333333
    }
  },
  "cuda_peak_bytes": 24279681024,
  "device": "NVIDIA H200",
  "seconds": 12.042,
  "rows": [
    {
      "arm": "fullkv_sdpa",
      "prefill_ms": 370.66166300792247,
      "pack_ms": 0.0,
      "cold_scratch_ms": 0.0,
      "decode_ttft_ms": 22.60319795459509,
      "e2e_ttft_ms": 393.26486096251756,
      "ttft_ms": 22.60319795459509,
      "tpot_ms": 32.23424562549388,
      "n_new": 12,
      "tokens_per_s": 31.02290686800208,
      "token_ids": [
        13410,
        3450,
        28,
        4276,
        12,
        24,
        18,
        23,
        19,
        22,
        19,
        151645
      ],
      "text": "ORDER_ID=ORD-938474",
      "used_materialize_hf_past": false,
      "attn_backend": "sdpa",
      "example_id": "multi_turn_state.order_id.v2__c8000__s20281013",
      "prompt_tokens": 10285,
      "score": 1.0
    },
    {
      "arm": "mixed_uniform_fi_shim",
      "prefill_ms": 365.8377039246261,
      "pack_ms": 31.38984099496156,
      "cold_scratch_ms": 12.963969958946109,
      "decode_ttft_ms": 28.58502301387489,
      "e2e_ttft_ms": 438.77653789240867,
      "ttft_ms": 28.58502301387489,
      "tpot_ms": 26.778209097260103,
      "n_new": 12,
      "tokens_per_s": 37.34379683002469,
      "token_ids": [
        13410,
        3450,
        28,
        4276,
        12,
        24,
        18,
        23,
        19,
        22,
        19,
        151645
      ],
      "text": "ORDER_ID=ORD-938474",
      "used_materialize_hf_past": false,
      "attn_backend": "flashinfer_fi_shim",
      "int4_tokens": 7713,
      "payload_bytes": 1089939456,
      "compression_ratio": 0.472727,
      "example_id": "multi_turn_state.order_id.v2__c8000__s20281013",
      "prompt_tokens": 10285,
      "score": 1.0
    },
    {
      "arm": "mixed_structure_fi_shim",
      "prefill_ms": 366.4790029870346,
      "pack_ms": 31.879157992079854,
      "cold_scratch_ms": 13.119109091348946,
      "decode_ttft_ms": 27.917230036109686,
      "e2e_ttft_ms": 439.3945001065731,
      "ttft_ms": 27.917230036109686,
      "tpot_ms": 27.107667802325025,
      "n_new": 12,
      "tokens_per_s": 36.8899311918759,
      "token_ids": [
        13410,
        3450,
        28,
        4276,
        12,
        24,
        18,
        23,
        19,
        22,
        19,
        151645
      ],
      "text": "ORDER_ID=ORD-938474",
      "used_materialize_hf_past": false,
      "attn_backend": "flashinfer_fi_shim",
      "int4_tokens": 7713,
      "payload_bytes": 1089939456,
      "compression_ratio": 0.472727,
      "example_id": "multi_turn_state.order_id.v2__c8000__s20281013",
      "prompt_tokens": 10285,
      "score": 1.0
    },
    {
      "arm": "fullkv_sdpa",
      "prefill_ms": 389.5245350431651,
      "pack_ms": 0.0,
      "cold_scratch_ms": 0.0,
      "decode_ttft_ms": 52.82205494586378,
      "e2e_ttft_ms": 442.34658998902887,
      "ttft_ms": 52.82205494586378,
      "tpot_ms": 49.75549063660325,
      "n_new": 32,
      "tokens_per_s": 20.098284374354808,
      "token_ids": [
        15505,
        37,
        8505,
        25,
        3919,
        21879,
        50,
        5053,
        3385,
        71824,
        69946,
        25,
        13097,
        55993,
        50,
        18590,
        74653,
        33941,
        51649,
        56,
        80051,
        1479,
        3567,
        15824,
        85332,
        4613,
        328,
        34357,
        1094,
        1718,
        13,
        151645
      ],
      "text": "[[FMT:ALL_CAPS]] DEPLOY NOTES: ALL RECORDS HAVE BEEN SUCCESSFULLY REVIEWED AND ARE READY FOR SCHEDULING.",
      "used_materialize_hf_past": false,
      "attn_backend": "sdpa",
      "example_id": "instruction_supersession.format_flip.v2__c8000__s20271013",
      "prompt_tokens": 10008,
      "score": 1.0
    },
    {
      "arm": "mixed_uniform_fi_shim",
      "prefill_ms": 352.7500209165737,
      "pack_ms": 30.47305392101407,
      "cold_scratch_ms": 12.605912983417511,
      "decode_ttft_ms": 28.042142977938056,
      "e2e_ttft_ms": 423.87113079894334,
      "ttft_ms": 28.042142977938056,
      "tpot_ms": 27.227303426292153,
      "n_new": 32,
      "tokens_per_s": 36.72783838866489,
      "token_ids": [
        15505,
        37,
        8505,
        25,
        3919,
        21879,
        50,
        5053,
        3385,
        71824,
        69946,
        25,
        13097,
        55993,
        50,
        18590,
        74653,
        33941,
        51649,
        56,
        80051,
        1479,
        3567,
        18018,
        1479,
        5752,
        10402,
        4769,
        83604,
        13170,
        7285,
        6537
      ],
      "text": "[[FMT:ALL_CAPS]] DEPLOY NOTES: ALL RECORDS HAVE BEEN SUCCESSFULLY REVIEWED AND MARKED AS OK WITH THEIR RESPECTIVE",
      "used_materialize_hf_past": false,
      "attn_backend": "flashinfer_fi_shim",
      "int4_tokens": 7505,
      "payload_bytes": 1060595712,
      "compression_ratio": 0.472709,
      "example_id": "instruction_supersession.format_flip.v2__c8000__s20271013",
      "prompt_tokens": 10008,
      "score": 1.0
    },
    {
      "arm": "mixed_structure_fi_shim",
      "prefill_ms": 352.4322609882802,
      "pack_ms": 30.427527031861246,
      "cold_scratch_ms": 12.660225969739258,
      "decode_ttft_ms": 28.10401690658182,
      "e2e_ttft_ms": 423.6240308964625,
      "ttft_ms": 28.10401690658182,
      "tpot_ms": 27.367485638317323,
      "n_new": 32,
      "tokens_per_s": 36.53971041460587,
      "token_ids": [
        15505,
        37,
        8505,
        25,
        3919,
        21879,
        50,
        5053,
        3385,
        71824,
        69946,
        25,
        13097,
        55993,
        50,
        18590,
        74653,
        33941,
        51649,
        56,
        80051,
        1479,
        3567,
        18018,
        1479,
        5752,
        10402,
        4769,
        83604,
        13170,
        7285,
        6537
      ],
      "text": "[[FMT:ALL_CAPS]] DEPLOY NOTES: ALL RECORDS HAVE BEEN SUCCESSFULLY REVIEWED AND MARKED AS OK WITH THEIR RESPECTIVE",