{
  "job": "d4_latency_m2",
  "tag": "m2_gpu5_r1",
  "decision": "D4_M2_E2E_GATE_FAIL",
  "pass": false,
  "ttft_gate_mult": 3.0,
  "m2_gate": true,
  "decode_ttft_ratio_structure_vs_full": 0.683321033658842,
  "e2e_ttft_ratio_structure_vs_full": 15.811646219844004,
  "m2": {
    "pack_ms_max": 200.0,
    "cold_ms_max": 100.0,
    "e2e_gate_mult": 1.1,
    "pack_ok": false,
    "cold_ok": false,
    "e2e_ok": false,
    "structure_pack_ms": 4818.892769360294,
    "structure_cold_ms": 1727.2648123713832
  },
  "n_examples": 3,
  "max_new_tokens": 32,
  "warmup": 1,
  "arms": {
    "fullkv_sdpa": {
      "n": 3,
      "prefill_ms_mean": 393.97716502814245,
      "pack_ms_mean": 0.0,
      "cold_scratch_ms_mean": 0.0,
      "decode_ttft_ms_mean": 45.51402168969313,
      "e2e_ttft_ms_mean": 439.49118671783555,
      "tpot_ms_mean": 46.32516114932474,
      "tokens_per_s_mean": 22.26620608786324,
      "score_mean": 1.0,
      "int4_tokens_mean": null
    },
    "mixed_uniform_fi_shim": {
      "n": 3,
      "prefill_ms_mean": 370.6695542981227,
      "pack_ms_mean": 27470.52335261833,
      "cold_scratch_ms_mean": 8759.116941015236,
      "decode_ttft_ms_mean": 31.44660432978223,
      "e2e_ttft_ms_mean": 36631.75645226147,
      "tpot_ms_mean": 28.64041402735697,
      "tokens_per_s_mean": 34.94502818297649,
      "score_mean": 1.0,
      "int4_tokens_mean": 7805.333333333333
    },
    "mixed_structure_fi_shim": {
      "n": 3,
      "prefill_ms_mean": 371.8208910431713,
      "pack_ms_mean": 4818.892769360294,
      "cold_scratch_ms_mean": 1727.2648123713832,
      "decode_ttft_ms_mean": 31.100688346972067,
      "e2e_ttft_ms_mean": 6949.07916112182,
      "tpot_ms_mean": 28.474822230291128,
      "tokens_per_s_mean": 35.134826325698704,
      "score_mean": 1.0,
      "int4_tokens_mean": 7805.333333333333
    }
  },
  "cuda_peak_bytes": 24214231040,
  "device": "NVIDIA H200",
  "seconds": 145.48,
  "rows": [
    {
      "arm": "fullkv_sdpa",
      "prefill_ms": 368.5723580420017,
      "pack_ms": 0.0,
      "cold_scratch_ms": 0.0,
      "decode_ttft_ms": 26.316113071516156,
      "e2e_ttft_ms": 394.8884711135179,
      "ttft_ms": 26.316113071516156,
      "tpot_ms": 35.60803283471614,
      "n_new": 12,
      "tokens_per_s": 28.083550828032475,
      "token_ids": [
        13410,
        3450,
        28,
        4276,
        12,
        24,
        18,
        23,
        19,
        22,
        19,
        151645
      ],
      "text": "ORDER_ID=ORD-938474",
      "used_materialize_hf_past": false,
      "attn_backend": "sdpa",
      "example_id": "multi_turn_state.order_id.v2__c8000__s20281013",
      "prompt_tokens": 10285,
      "score": 1.0
    },
    {
      "arm": "mixed_uniform_fi_shim",
      "prefill_ms": 367.7343379240483,
      "pack_ms": 26918.032994959503,
      "cold_scratch_ms": 8598.02828298416,
      "decode_ttft_ms": 30.931529006920755,
      "e2e_ttft_ms": 35914.72714487463,
      "ttft_ms": 30.931529006920755,
      "tpot_ms": 29.562840471044183,
      "n_new": 12,
      "tokens_per_s": 33.82624890119969,
      "token_ids": [
        13410,
        3450,
        28,
        4276,
        12,
        24,
        18,
        23,
        19,
        22,
        19,
        151645
      ],
      "text": "ORDER_ID=ORD-938474",
      "used_materialize_hf_past": false,
      "attn_backend": "flashinfer_fi_shim",
      "int4_tokens": 7713,
      "payload_bytes": 1089939456,
      "compression_ratio": 0.47273,
      "example_id": "multi_turn_state.order_id.v2__c8000__s20281013",
      "prompt_tokens": 10285,
      "score": 1.0
    },
    {
      "arm": "mixed_structure_fi_shim",
      "prefill_ms": 365.30703003518283,
      "pack_ms": 4992.7243429701775,
      "cold_scratch_ms": 1751.900736009702,
      "decode_ttft_ms": 28.890356072224677,
      "e2e_ttft_ms": 7138.822465087287,
      "ttft_ms": 28.890356072224677,
      "tpot_ms": 29.336036161773585,
      "n_new": 12,
      "tokens_per_s": 34.08776817991018,
      "token_ids": [
        13410,
        3450,
        28,
        4276,
        12,
        24,
        18,
        23,
        19,
        22,
        19,
        151645
      ],
      "text": "ORDER_ID=ORD-938474",
      "used_materialize_hf_past": false,
      "attn_backend": "flashinfer_fi_shim",
      "int4_tokens": 7713,
      "payload_bytes": 1089939456,
      "compression_ratio": 0.47273,
      "example_id": "multi_turn_state.order_id.v2__c8000__s20281013",
      "prompt_tokens": 10285,
      "score": 1.0
    },
    {
      "arm": "fullkv_sdpa",
      "prefill_ms": 384.02679294813424,
      "pack_ms": 0.0,
      "cold_scratch_ms": 0.0,
      "decode_ttft_ms": 57.74126306641847,
      "e2e_ttft_ms": 441.7680560145527,
      "ttft_ms": 57.74126306641847,
      "tpot_ms": 52.803289520764544,
      "n_new": 32,
      "tokens_per_s": 18.938214059689532,
      "token_ids": [
        15505,
        37,
        8505,
        25,
        3919,
        21879,
        50,
        5053,
        3385,
        71824,
        69946,
        25,
        13097,
        55993,
        50,
        18590,
        74653,
        33941,
        51649,
        56,
        80051,
        1479,
        3567,
        15824,
        85332,
        4613,
        328,
        34357,
        1094,
        1718,
        13,
        151645
      ],
      "text": "[[FMT:ALL_CAPS]] DEPLOY NOTES: ALL RECORDS HAVE BEEN SUCCESSFULLY REVIEWED AND ARE READY FOR SCHEDULING.",
      "used_materialize_hf_past": false,
      "attn_backend": "sdpa",
      "example_id": "instruction_supersession.format_flip.v2__c8000__s20271013",
      "prompt_tokens": 10008,
      "score": 1.0
    },
    {
      "arm": "mixed_uniform_fi_shim",
      "prefill_ms": 351.3328699627891,
      "pack_ms": 26508.446217980236,
      "cold_scratch_ms": 8362.560469075106,
      "decode_ttft_ms": 30.27116204611957,
      "e2e_ttft_ms": 35252.61071906425,
      "ttft_ms": 30.27116204611957,
      "tpot_ms": 27.558053524473742,
      "n_new": 32,
      "tokens_per_s": 36.28703308497171,
      "token_ids": [
        15505,
        37,
        8505,
        25,
        3919,
        21879,
        50,
        5053,
        3385,
        71824,
        69946,
        25,
        13097,
        55993,
        50,
        18590,
        74653,
        33941,
        51649,
        56,
        80051,
        1479,
        3567,
        15824,
        85332,
        4613,
        328,
        34357,
        1094,
        1718,
        13,
        151645
      ],
      "text": "[[FMT:ALL_CAPS]] DEPLOY NOTES: ALL RECORDS HAVE BEEN SUCCESSFULLY REVIEWED AND ARE READY FOR SCHEDULING.",
      "used_materialize_hf_past": false,
      "attn_backend": "flashinfer_fi_shim",
      "int4_tokens": 7505,
      "payload_bytes": 1060595712,
      "compression_ratio": 0.472713,
      "example_id": "instruction_supersession.format_flip.v2__c8000__s20271013",
      "prompt_tokens": 10008,
      "score": 1.0
    },
    {
      "arm": "mixed_structure_fi_shim",
      "prefill_ms": 353.8170730462298,
      "pack_ms": 4538.710611057468,
      "cold_scratch_ms": 1635.2521730586886,
      "decode_ttft_ms": 31.03834600187838,
      "e2e_ttft_ms": 6558.818203164265,
      "ttft_ms": 31.03834600187838,
      "tpot_ms": 27.95293289161618,
      "n_new": 32,
      "tokens_per_s": 35.77442137744073,
      "token_ids": [
        15505,
        37,
        8505,
        25,
        3919,
        21879,
        50,
        5053,
        3385,
        71824,
        69946,
        25,
        13097,
        55993,
        50,
        18590,
        74653,
        33941,
        51649,
        56,
        80051,
        1479,
        3567,
        15824,
        85332,
        4613,
        328,
        34357,
        1094,
        1718,
        13,
        151645
      ],
      "text": "[[FMT:ALL_CAPS]] DEPLOY NOTES: ALL RECORDS HAVE BEEN SUCCESSFULLY REVIEWED AND ARE READY FOR SCHEDULING.",